{
    "coupon": {
        "data": [
            {
                "bannerPic": "https://vkceyugu.cdn.bspapp.com/VKCEYUGU-aliyun-17414whos6vp2f68cb/a0512780-3dff-11eb-bc56-c9cea619f663.jpg",
                "icon": "/static/coupon/meituan.png",
                "minapp": {
                    "appid": "wx2c348cf579062e56",
                    "path": "outer_packages/r2xinvite/coupon/coupon?inviteCode=NnOIp-QOs8SiYF1dcSlL5r8phPrCf6qkH7evMyjIoup2NXxNCLYcBbd3bqpv2X2It4Fp8SyjX4vMx8up8kOVW0xCPwjoXU7XGcP4Lq1dkR5hoILQ-YCsQHahjErsyVtz5yd8LnmfrBsh9EKQv_PZ-URN2vgnWarzJYx-1l9mOnk"
                },
                "name": "美团外卖红包",
                "tabId": 2,
                "type": "每日领",
                "url": "",
                "desc": "美团外卖APP大额优惠券，每天都可以领哦！",
                "sort": 100
            },
            {
                "bannerPic": "https://vkceyugu.cdn.bspapp.com/VKCEYUGU-aliyun-17414whos6vp2f68cb/c53faf80-35da-11eb-bd01-97bc1429a9ff.jpg",
                "icon": "/static/coupon/meituan.png",
                "minapp": {
                    "appid": "wxde8ac0a21135c07d",
                    "path": "/index/pages/h5/h5?weburl=https%3A%2F%2Frunion.meituan.com%2Furl%3Fkey%3Dfd7b36ed0793a0fd639ffbaefe8adb78%26url%3Dhttps%253A%252F%252Fi.meituan.com%252Fawp%252Fhfe%252Fblock%252Fc9ff59b58f6f5bf385b6%252F94455%252Findex.html%253Fappkey%253Dfd7b36ed0793a0fd639ffbaefe8adb78%253Asunjiackson%26sid%3Dsunjiackson&lch=cps:waimai:5:fd7b36ed0793a0fd639ffbaefe8adb78:sunjiackson&f_token=1&f_userId=1"
                },
                "name": "美团生鲜红包",
                "tabId": 2,
                "type": "每日领",
                "url": "https://runion.meituan.com/url?key=fd7b36ed0793a0fd639ffbaefe8adb78&url=https%3A%2F%2Fi.meituan.com%2Fawp%2Fhfe%2Fblock%2F652c4b9d8a2425a98ca5%2F92207%2Findex.html%3Fappkey%3Dfd7b36ed0793a0fd639ffbaefe8adb78%3Asunjiackson&sid=sunjiackson",
                "desc": "美团APP生鲜大额优惠券，每天都可以领哦！",
                "sort": 100
            },
            {
                "bannerPic": "/static/coupon/ele_banner.png",
                "icon": "/static/coupon/ele.png",
                "minapp": {
                    "appid": "wxece3a9a4c82f58c9",
                    "path": "ele-recommend-price/pages/guest/index?inviterId=70bee0b1"
                },
                "name": "饿了么红包",
                "tabId": 1,
                "type": "每日领",
                "url": "https://h5.ele.me/ant/qrcode?open_type=miniapp&url_id=35&inviterId=70bee0b1",
                "desc": "饿了么APP大额优惠券，每天都可以领哦！",
                "sort": 100
            },
            {
                "bannerPic": "https://vkceyugu.cdn.bspapp.com/VKCEYUGU-aliyun-17414whos6vp2f68cb/06911770-3e06-11eb-bd01-97bc1429a9ff.jpg",
                "icon": "/static/coupon/jd.png",
                "minapp": {
                    "appid": "wxca1fe42a16552094",
                    "path": "pages/events/money_treasure/aggre/index?_i_a=468958&a=undefined&_u_n=%E4%BA%AC%E4%B8%9C%E7%94%A8%E6%88%B7&_s_p=77AF07479631602E04A1876E43B1ACF6&activeId=468958&_m_h=https%253A%252F%252Fimg11.360buyimg.com%252Fjdphoto%252Fs120x120_jfs%252Ft1%252F82031%252F9%252F5133%252F19337%252F5d36bcadE9cdb240c%252Fccc58f73b721ec2d.png"
                },
                "name": "京喜一分购",
                "tabId": 3,
                "type": "新人抢",
                "url": "",
                "desc": "京东APP新人注册送礼，一分钱抢购商品！",
                "sort": 100
            },
            {
                "bannerPic": "https://vkceyugu.cdn.bspapp.com/VKCEYUGU-aliyun-17414whos6vp2f68cb/eaf1c640-4409-11eb-8a36-ebb87efcf8c0.jpg",
                "icon": "/static/coupon/ele.png",
                "minapp": {
                    "appid": "wxece3a9a4c82f58c9",
                    "path": "taoke/pages/shopping-guide/index?scene=Bp1Dysu"
                },
                "name": "饿了么红包",
                "tabId": 1,
                "type": "每日领",
                "url": "",
                "desc": "饿了么红包，最高可领66元！",
                "sort": 101
            },
            {
                "bannerPic": "https://vkceyugu.cdn.bspapp.com/VKCEYUGU-aliyun-17414whos6vp2f68cb/ea42e8a0-4409-11eb-bd01-97bc1429a9ff.png",
                "icon": "/static/coupon/ele.png",
                "minapp": {
                    "appid": "wxece3a9a4c82f58c9",
                    "path": "pages/sharePid/web/index?scene=s.click.ele.me%2F5qYH2tu"
                },
                "name": "天天抢红包",
                "tabId": 1,
                "type": "天天抢",
                "url": "",
                "desc": "饿了么天天抢红包，最高可领36元！",
                "sort": 102
            },
            {
                "bannerPic": "https://vkceyugu.cdn.bspapp.com/VKCEYUGU-aliyun-17414whos6vp2f68cb/de7a6610-4409-11eb-b997-9918a5dda011.png",
                "icon": "/static/coupon/ele.png",
                "minapp": {
                    "appid": "wxece3a9a4c82f58c9",
                    "path": "pages/sharePid/web/index?scene=s.click.ele.me%2FM5ZH2tu"
                },
                "name": "果蔬红包",
                "tabId": 1,
                "type": "每日领",
                "url": "",
                "desc": "饿了么果蔬红包，每天都可以领哦！",
                "sort": 101
            }
        ],
        "schema": {
            "bsonType": "object",
            "permission": {
                ".create": false,
                ".delete": false,
                ".read": true,
                ".update": false
            }
        }
    },
    "tab": {
        "data": [
            {
                "icon": "/static/meituan.png",
                "tabId": 2,
                "text": "美团"
            },
            {
                "icon": "/static/all.png",
                "tabId": 0,
                "text": "全部"
            },
            {
                "icon": "/static/ele.png",
                "tabId": 1,
                "text": "饿了么"
            },
            {
                "icon": "/static/jd.png",
                "tabId": 3,
                "text": "京东"
            }
        ],
        "schema": {
            "bsonType": "object",
            "permission": {
                ".create": false,
                ".delete": false,
                ".read": true,
                ".update": false
            }
        }
    }
}